100	http://cons66.ru/
1000	http://www.pozdravleniya.biz/stihi/detskie/
1001	http://www.pravda.ru/society/family/pbringing/22-05-2012/1115741-family_values-0/
1002	http://www.pravpiter.ru/gorn/n015/ta003.htm
1003	http://www.pregnancycalendar.ru/biblioteka/vse_o_beremennosti/hgch/
1004	http://www.preletenov.yc.cz/ekcat1/arnold-shvartsenegger-bodibilding-video-161.html
1005	http://www.prioslav.ru/refb43
1008	http://www.prof-translate.ru/
101	http://consolelife.ru/xbox-360/6577-o-rossiyskom-relize-batman-arkham-city.html
1011	http://www.proshkolu.ru/user/mart4910natali/blog/35962/
1012	http://www.prosv.ru/ebooks/Nikolina_Geografia_6metod/1.html
1012	http://www.prosv.ru/ebooks/Nikolina_Geografia_6metod/11.html
1013	http://www.psiholog-ark.ru/index.php?option=com_content&view=article&id=57&Itemid=42
1014	http://www.r89.ru/novosti/806.php
1015	http://www.rabota-102.ru/dolzhnostnye_instrukcii.php?di=13
1016	http://www.rabota.ru/vacancy/%D0%98%D0%BD%D0%B6%D0%B5%D0%BD%D0%B5%D1%80/
1017	http://www.rabotka.ru/job_description/49.php
1017	http://www.rabotka.ru/job_description/57.php
1018	http://www.ratingruneta.ru/ural-soft/
1019	http://www.razmut.ru/index.php/4ita4i/5-rabota/118-tehnik-tehnolog-inzhener-molochnoj-promyshlennosti-vakansii-dolzhnostnaja-instrukcija-objazannosti
1019	http://www.razmut.ru/index.php/instrykcija/118-tehnik-tehnolog-inzhener-molochnoj-promyshlennosti-vakansii-dolzhnostnaja-instrukcija-objazannosti
102	http://crossword.metromir.ru/14562
1020	http://www.razumniki.ru/stihi_novuy_god.html
1021	http://www.realisti.ru/main/family
1022	http://www.realove.ru/main/family
1023	http://www.ref.by/refs/98/23395/1.html
1024	http://www.referat.ru/referats/view/19289
1025	http://www.referats.5-ka.ru/98/23395/1.html
1026	http://www.regeco.com.ua/22.htm
1028	http://www.resolventa.ru/demo/diaggia.htm
1029	http://www.reviewboard.org/
1030	http://www.ria-bashkiria.com/news/4603.html
1031	http://www.rodon.org/dvi/prn0.htm
1032	http://www.roman.by/r-98577.html
1033	http://www.rosleasing.ru/docs/books/Leasing_books_20041223.pdf
1033	http://www.rosleasing.ru/docs/books/from_author.pdf
1039	http://www.rusreferats.ru/work_21019.html
1040	http://www.russian-inok.org/books/optinskie.html
1041	http://www.russiancity.ru/books/b61.htm
1042	http://www.rutor.org/torrent/155539/batman-arkham-unhinged-2011-jpeg-comics
1042	http://www.rutor.org/torrent/196061/batman-arkham-city-2011-ps3
1045	http://www.semashow.com/
1046	http://www.semya.ru/
1047	http://www.seotxt.com/blogs/review/
1049	http://www.simplyhired.ru/a/jobs/list/q-%D1%82%D0%B5%D1%85%D0%BD%D0%BE%D0%BB%D0%BE%D0%B3+%D0%BC%D0%BE%D0%BB%D0%BE%D1%87%D0%BD%D0%BE%D0%B3%D0%BE+%D0%BF%D1%80%D0%BE%D0%B8%D0%B7%D0%B2%D0%BE%D0%B4%D1%81%D1%82%D0%B2%D0%B0
105	http://cveti.clan.su/forum/3-520-1
1051	http://www.skeptik.net/pseudo/renyxa2.htm
1053	http://www.smart-lab.ru/blog/43771.php
1055	http://www.socio.msu.ru/l/library?e=d-000-00---001ucheb--00-0-0-0prompt-10---4------0-1l--1-ru-50---20-about---00031-001-1-0utfZz-8-00&a=d&cl=CL1&d=HASH433d253f3189300a4ffeda.10.4
1055	http://www.socio.msu.ru/l/library?e=d-000-00---001ucheb--00-0-0-0prompt-10---4------0-1l--1-ru-50---20-help---00031-001-1-0windowsZz-1251-00&cl=CL1&d=HASH433d253f3189300a4ffeda.10.4&x=1
1056	http://www.soft21.ru/soft/comments_1309.html
1057	http://www.softnic.ru/soft/download_1309.html
1058	http://www.softstandart.com/feedback.php?id=1309
1059	http://www.solnet.ee/sol/001/s_000.html
106	http://das97.beon.ru/
1061	http://www.sovets.ru/Holidays/Vipusk/6702.htm
1062	http://www.speakrus.ru/08/f816.htm
1063	http://www.spishy.ru/referats/14/8040
1064	http://www.spr.ru/marina-roscha/moskovskiy-institut-inzhenerov-zheleznodorozhnogo-transporta.html
1065	http://www.sprinter.ru/books/1821345.html
1066	http://www.sseu.ru/netcat_files/Image/referat-Mokina.doc
1067	http://www.staropomor.ru/Bogoslovie(4)/permjakov1.11.html
1068	http://www.starway.dp.ua/archive/index.php/t-1429.html
1069	http://www.stihi-rus.ru/deti/
1069	http://www.stihi-rus.ru/deti/2007.htm
1070	http://www.stihi.ru/diary/pravoslav/2010-01-20
1071	http://www.strelna.ru/ru/comments/encyclopedia/298299.htm
1072	http://www.stroyplan.ru/docs.php?showitem=11084
1074	http://www.studzona.com/referats/view/18660
1076	http://www.sunhome.ru/download/1172
1076	http://www.sunhome.ru/dreams/3%EF%E0%F0%ED%E8++%F1%ED%E5
1077	http://www.superjob.ru/catalog-vacancies/inzhener.html
1077	http://www.superjob.ru/resume/cv-7280845.html
1080	http://www.suvenirvip.ru/podarochnye-medali-ordena
1081	http://www.swonline.ru/genname.php
1082	http://www.tarologiay.ru/?p=1510
1083	http://www.telegraf-spb.ru/category/podarochnye-ordena-i-medali/
1083	http://www.telegraf-spb.ru/product/medal-s-jubileem-30-let/
1083	http://www.telegraf-spb.ru/product/medal-s-jubileem-60-let/
1088	http://www.the-ebook.org/?p=11009
1089	http://www.theanimalworld.ru/insect/brazhnik_gashkevicha.html
1089	http://www.theanimalworld.ru/insect/brazhnik_podmarennikovyj.html
1090	http://www.thg.ru/software/
1093	http://www.torrentino.com/torrents/586046
1093	http://www.torrentino.com/torrents/872617
11	http://5ballov.qip.ru/referats/preview/34786
1102	http://www.tverlife.ru/news/41729.html
1104	http://www.tvoyportret.ru/directory/products_and_services/products.php
1105	http://www.twirpx.com/files/mathematics/algebra/linear/
1106	http://www.u-be.ru/ub_30_present/ub_30_present.html
1107	http://www.u-mama.ru/read/article.php?id=1915
1109	http://www.uberreview.com/
111	http://detkam.e-papa.ru/stihi/7/
1110	http://www.ubrus.org/dictionary-units/?id=128337
1111	http://www.ucheba.ru/course/17134/about/
1111	http://www.ucheba.ru/vuz-article/12187.html
1111	http://www.ucheba.ru/vuz/12896/
1112	http://www.ufamama.ru/forum/messages.aspx?TopicID=13077&lastpage=1&MessageID=4266502
1112	http://www.ufamama.ru/forum/messages.aspx?TopicID=13077&lastpage=1&MessageID=4266522
1112	http://www.ufamama.ru/forum/messages.aspx?topicid=13077&messageid=4266522&Page=2
1115	http://www.unwiredview.com/
1116	http://www.uralsoft.com/
1119	http://www.uwufyw.newmail.ru/facs47.html
112	http://detskijsadik.ru/stihi_pro_novyj_god_-_2.html
1121	http://www.vak.org.by/index.php?go=Box&in=view&id=251
1122	http://www.varagy.ru/kalendar/juny.htm
1123	http://www.vashakomanda.ru/18.htm
1124	http://www.velesova-sloboda.org/heath/russian-sayings.html
1125	http://www.vesti.ru/
1126	http://www.vezetmne.ru/
1130	http://www.violakey.ru/Geography/Egipet.html
1131	http://www.vipstudent.ru/index.php?q=lib&r=25&id=1190891539&p=30
1137	http://www.vsesdano.com/index.php?page=1
1139	http://www.vss.nlr.ru/archive_catalog.php?p=7&rid=1908
114	http://dfk-dfr.com/load/34-1-0-2508
1140	http://www.vuithelp.ru/files/2147.html
1141	http://www.vuzlib.org/beta3/html/1/4055
1141	http://www.vuzlib.org/beta3/html/1/4055/4068
1143	http://www.wco.ru/biblio/books/feofanz8/H04-T.htm
1144	http://www.wdeeg.org/studios/info/735/
1145	http://www.weblancer.net/projects/279229.html
1149	http://www.wikiznanie.ru/ru-wz/index.php/%D0%9F%D1%88%D0%B5%D0%BD%D0%B8%D1%86%D0%B0
115	http://dic.academic.ru/book.nsf/3662736/Batman%3A+Arkham+Asylum
115	http://dic.academic.ru/dic.nsf/brokgauz_efron/54701/%D0%9A%D0%BE%D0%BD%D0%BE%D0%BF%D0%BB%D1%8F
115	http://dic.academic.ru/dic.nsf/bse/110952/%D0%9C%D0%BE%D1%81%D0%BA%D0%BE%D0%B2%D1%81%D0%BA%D0%B8%D0%B9
115	http://dic.academic.ru/dic.nsf/bse/87058/%D0%96%D0%B5%D0%BB%D0%B5%D0%B7%D0%BD%D0%BE%D0%B4%D0%BE%D1%80%D0%BE%D0%B6%D0%BD%D0%BE%D0%B3%D0%BE
115	http://dic.academic.ru/dic.nsf/dahl_proverbs/32284/%D0%A0%D0%BE%D0%B6%D1%8C
115	http://dic.academic.ru/dic.nsf/ruwiki/341965
115	http://dic.academic.ru/dic.nsf/ruwiki/74182
115	http://dic.academic.ru/dic.nsf/seksolog/738
1150	http://www.wild-mistress.ru/wm/wm.nsf/husband/
1151	http://www.x-vim.info/s_9e7930c67b.html
1153	http://www.xserver.ru/user/famil/
1155	http://www.youtube.com/watch?v=1hoRQFojO5U
1155	http://www.youtube.com/watch?v=KSNEXR9kOWs
1155	http://www.youtube.com/watch?v=lV5sQO_eHGU
1155	http://www.youtube.com/watch?v=vWfwkfVw6vg
1155	http://www.youtube.com/watch?v=vauGLEJv6IA
1155	http://www.youtube.com/watch?v=xWtam27ltNE
1157	http://www.zadachi.org.ru/?n=81470
1159	http://www.zatulin.ru/institute/sbornik/023/02.shtml
116	http://dictionaries.rin.ru/cgi-bin/see?word=%EB%EE%ED%E5&sel=word
1163	http://www.zooclub.ru/chlen/nasek/212.shtml
1164	http://www.zoougolok.com/readarticle.php?article_id=26
1167	http://www.zxpress.ru/article.php?id=5650
1168	http://wzyocgeawwo.eklablog.com/2-a60036325
1169	http://x-torrents.org/forum/showthread.php?tid=56888&page=2
1170	http://xakerstudia.moy.su/load/4-1-0-16
1171	http://xn----7sbbg3ahcke7cbfhv3cl6d.xn--p1ai/product/medal-s-jubileem-50-let/
1172	http://xn--80ashg.xn--p1ai/pdf/56.pdf
1173	http://xn--80avnr.xn--p1ai/%D1%83%D1%84%D0%B0/%D0%9B%D0%B0%D0%B1%D0%BE%D1%80%D0%B0%D1%82%D0%BE%D1%80%D0%B8%D1%8F
1174	http://xn--b1abafdaxqd7ahn8a6d.xn--p1ai/
1175	http://xreferat.ru/18/1176-1-geograficheskaya-obolochka.html
118	http://diplom.by/rabota-osobennosti-primeneniya-i-ekonomicheskaya-otsenka-lizinga-page1
1181	http://zaika-moya.ru/
1183	http://zerx.ru/35829-ronal-varvar.html
1185	http://zhivnost.at.ua/publ/40-1-0-665
1186	http://znanija.com/task/530417
1186	http://znanija.com/task/67418
1187	http://zooex.baikal.ru/butterfly/sphingidae.htm
12	http://5klass.net/geografija-6-klass.html
12	http://5klass.net/geografija-6-klass/Geografija-6-klass-masshtab.html
12	http://5klass.net/geografija-6-klass/Geografija-atmosfera/005-Atmosfernye-javlenija.html
12	http://5klass.net/geografija-6-klass/Geografija-prirodnye-kompleksy.html
120	http://djairspce.mylivepage.ru/file/200/323
122	http://do.gendocs.ru/docs/index-46100.html
122	http://do.gendocs.ru/docs/index-46432.html?page=16
123	http://doshkolnik.ru/index/105-zaniatia/5405-den-druzbi-narodov-povolzhia.html
123	http://doshkolnik.ru/zaniatia-s-detmi/5405-den-druzbi-narodov-povolzhia.html
124	http://dosugpartner.narod.ru/s3/dc/266.html
125	http://dragoman.in.ua/mirrastenijiv_zk.html
126	http://duwbrbkeel.tk/doljnostnaya-instrukciya-glavnogo-tehnologa-molochnogo-proizvodstva.html
128	http://editor.ural-soft.info/?message=1
129	http://editor.ural-soft.ru/?message=1
129	http://editor.ural-soft.ru/?message=4
131	http://egypt-mythology.pp.ua/
133	http://ekklezia.ru/vsyo-soobschestvo/kompyutery-i-internet/pravoslavnye-internet-resursy/dlya-pravoslavnyh-saytov.html
135	http://elib.org.ua/economics/ua_readme.php?subaction=showfull&id=1103635706&archive=&start_from=&ucat=17&
138	http://enc.mail.ru/article/list?letter1=%CC&letter2=%E5&encycl_id=mif&page=4&start_page=1
138	http://enc.mail.ru/article?1900042424
139	http://enneada.ucoz.ru/forum/9-23-1
14	http://816-club.ru/stixi_pro_novij_god_dlja_detej.html
140	http://eugenia26.livejournal.com/17964.html
141	http://eup.ru/Documents/2006-07-10/4609E-3.asp
142	http://eva.ru/kids/messages-2356679.htm
142	http://eva.ru/pregnancy/messages-2246735.htm
144	http://ezoterik.org/sonnic.php?as=
146	http://fatyanow.narod.ru/song.htm
147	http://festival.1september.ru/articles/103021/
147	http://festival.1september.ru/articles/582904/
147	http://festival.1september.ru/articles/590757/
148	http://fictionbook.ru/author/ignatiya_monahinya/starchestvo_na_rusi/ignatiya_starchestvo_na_rusi.html
148	http://fictionbook.ru/author/litagent_centrpoligraf/na_vsyakogo_mudreca_dovolno_prostotyi_ru/read_online.html?page=1
149	http://finance.iatp.by/lizing.htm
151	http://forum.33bru.com/viewtopic.php?p=260939617
155	http://forum.csmania.ru/viewtopic.php?t=25986
156	http://forum.igromania.ru/printthread.php?s=f3f76999da444c59988e12eaa3c4791c&t=103959&pp=200&page=13
158	http://forum.newethnic.ru/index.php?&act=ST&f=27&t=556
158	http://forum.newethnic.ru/index.php?showtopic=556
161	http://forum.sharereactor.ru/showthread.php?t=180279
166	http://forums.4gamers.ru/threads/batman-arkham-city-%D1%80%D1%83%D1%81%D1%81%D0%BA%D0%B0%D1%8F-%D0%B2%D0%B5%D1%80%D1%81%D0%B8%D1%8F-%D0%B8%D0%B3%D1%80%D1%8B.2449/
168	http://forums.akella-online.ru/showthread.php?p=18617
169	http://forums.playground.ru/batman_arkham_city/626529/
169	http://forums.playground.ru/batman_arkham_city/687209/
170	http://fotki.yandex.ru/users/val-fedore/view/305419?page=0
171	http://freesoft.ru/?id=667555
172	http://freestate.narod.ru/ortho.htm
173	http://galina1949.ucoz.ru/load/matematika/geometrija_7_klass/dokument/4-1-0-19
174	http://gallery.economicus.ru/cgi-ise/gallery/frame_rightn.pl?type=school&links=./school/firm/lectures/firm_l2.txt&name=firm&img=lecture.jpg
174	http://gallery.economicus.ru/cgi-ise/gallery/frame_rightn.pl?type=school&links=./school/welfare/lectures/weal_l2.txt&name=welfare&img=lectures.jpg
177	http://gamersblog.ru/news/batman-arkham-city-in-russia/p/30
178	http://gamestation.ru/product/15068.html
179	http://gdz-top.ru/?one=1&two=3&three=26
18	http://adalin.mospsy.ru/l_03_00/l_03_04l.shtml
18	http://adalin.mospsy.ru/ny/main.shtml
180	http://gelwedd.narod.ru/cat/catgods_egypt.htm
181	http://geographyofrussia.ru/atmosfera/
182	http://geosfera.ucoz.org/publ/16-1-0-28
183	http://geum.ru/book/docum156.htm
183	http://geum.ru/book/docum164.htm
184	http://giftwoman.ru/index.php?option=com_content&view=article&id=196&Itemid=99
185	http://gizmod.ru/commentary
186	http://gkb21.info/
186	http://gkb21.info/main/
186	http://gkb21.info/onas/
186	http://gkb21.info/stuctur/
188	http://godsbay.ru/egypt/egypt_goddesses.html
188	http://godsbay.ru/egypt/noon.html
189	http://good-presents.ru/index.php?productID=806676
19	https://addons.mozilla.org/ru/firefox/addon/google-translator-for-firefox/
191	http://govnosoft.net/tags/UralSOFT/
193	http://groups.google.com/help/faq_translation.html
196	http://gurakafova.blogspot.com/2012/10/21.html
197	http://guzvenag.ucoz.ru/Uroki6klass/konspekty_urokov_6_kl_dronov.doc
199	http://heavyrocks.flybb.ru/topic32.html
2	http://1000pozdravleniy.ru/pozdravlen/denrozdeniya/dr155.html
200	http://hh-review.livejournal.com/4577.html
210	http://hotdog.mail.ru/encycl?&q=%E5%E3%E8%EF%E5%F2%F1%EA%EE%E9+%EC%E8%F4%EE%EB%EE%E3%E8%E5%E9&sf=60
215	http://idea.ru/idea2004/daily/03.05.2004?Author=2&Id=230&
217	http://ideipodarkov.net/%D0%BC%D0%B5%D0%B4%D0%B0%D0%BB%D1%8C-%D0%B4%D0%B5%D1%80%D0%B5%D0%B2%D1%8F%D0%BD%D0%BD%D0%B0%D1%8F-%D1%81%D0%B2%D0%B0%D0%B4%D1%8C%D0%B1%D0%B0-5-%D0%BB%D0%B5%D1%82-f37e3728-6b5a-41ac-9e41-f6fe944fe70a/
217	http://ideipodarkov.net/%D0%BC%D0%B5%D0%B4%D0%B0%D0%BB%D1%8C-%D0%B6%D0%B5%D0%BC%D1%87%D1%83%D0%B6%D0%BD%D0%B0%D1%8F-%D1%81%D0%B2%D0%B0%D0%B4%D1%8C%D0%B1%D0%B0-30-%D0%BB%D0%B5%D1%82-31684-podarok/
217	http://ideipodarkov.net/%D0%BC%D0%B5%D0%B4%D0%B0%D0%BB%D1%8C-%D1%81-%D1%8E%D0%B1%D0%B8%D0%BB%D0%B5%D0%B5%D0%BC-30-%D0%BB%D0%B5%D1%82-54917-podarok/
226	http://images.google.com/help/faq_translation.html
227	http://imbrium.ru/catalog/index.php?SECTION_ID=12
23	http://afga.ru/?p=466
231	http://info-lipetsk.com/nasekomye/brazhnik-mertvaja-golova.html
233	http://insects.ucoz.ru/photo/nasekomye/nasekomye/brazhnik/3-0-237
234	http://institutiones.com/theories/221-2008-06-17-11-34-22.html
236	http://interweb.spb.ru/phone/fam/23-20
237	http://irbis.econ.pu.ru/cgi-bin/irbis64r_62/cgiirbis_64.exe?C21COM=S&I21DBN=IBIS&P21DBN=IBIS&S21FMT=fullw&S21ALL=(%3C.%3EA%3DTHEOCHARIS$%3C.%3E%2B%3C.%3EA%3DREGHINOS$%3C.%3E)&Z21ID=&S21SRW=GOD&S21SRD=&S21STN=1&S21REF=10&S21CNR=20
239	http://ircns.ru/CIVIL/Egipt/bogi.html
243	http://itunes.apple.com/ru/app/id414706506?mt=8
243	https://itunes.apple.com/ru/app/id414706506?mt=8
244	http://ja-boginja.mylivepage.ru/page/%D0%96%D0%B5%D0%BD%D1%89%D0%B8%D0%BD%D1%8B
245	http://jesuschrist.ru/forum/382835,,all.php
247	http://jonius.cx0.ru/geografiy/geo6_p.php
25	http://ahrb.ru/?p=1152
250	http://jtdigest.narod.ru/dig2_01/brag.htm
251	http://junona.org/modules.php?link=d09fd188d0b5d0bdd0b8d186d0b0&name=Sonnic&pa=word&page=2
251	http://junona.org/modules.php?name=Sonnic&pa=word&link=d09fd188d0b5d0bdd0b8d186d0b0
252	http://kalinina.web-box.ru/info/9-klass/planirovanie-9-klass-geometrija-po/
254	http://kanobu.ru/blog/id281160/
254	http://kanobu.ru/blog/v-ozhidanii-cheloveka-letuchej-myishi-268343/
254	http://kanobu.ru/off.html
257	http://kharkov.likengo.com/rubric/full/id/184106078
26	http://ais.by/story/685
260	http://kinovegas.info/main/2496-ronal-varvar.html
260	http://kinovegas.info/priklyucheniya/2837-ra-pervyy.html?newsid=2837&seourl=ra-pervyy&seocat=priklyucheniya
260	http://kinovegas.info/uzhasy/36-zhivaya-krov.html
264	http://knigi.tr200.net/f.php?f=%E4%EE%EC%E0%F8%ED%FF%FF+%EA%EE%ED%F2%F0%EE%EB%FC%ED%E0%FF+%F0%E0%E1%EE%F2%E0+%ED%EE%EC%E5%F0+2+%EF%EE+%E0%EB%E3%E5%E1%F0%E5+%EC%EE%F0%E4%EA%EE%E2%E8%F7+7+%EA%EB%E0%F1%F1+%EC%EE%F0%E4%EA%EE%E2%E8%F7&p=0
264	http://knigi.tr200.net/f.php?f=%E4%EE%EC%E0%F8%ED%FF%FF+%EA%EE%ED%F2%F0%EE%EB%FC%ED%E0%FF+%F0%E0%E1%EE%F2%E0+%ED%EE%EC%E5%F0+2+%EF%EE+%E0%EB%E3%E5%E1%F0%E5++7+%EA%EB%E0%F1%F1+%EC%EE%F0%E4%EA%EE%E2%E8%F7&p=0
265	http://knigi.tr200.ru/f.php?f=%EA%E0%F0%F2%EE%F7%EA%E8+%EA%EE%ED%F2%F0%EE%EB%FC%ED%E0%FF+%F0%E0%E1%EE%F2%E0+%EF%EE+%E3%E5%EE%EC%E5%F2%F0%E8%E8+9+%EA%EB%E0%F1%F1&p=630
266	http://knowledge.allbest.ru/geography/2c0b65625a3bd68a4d43a89421306d37_0.html
268	http://kornienko.donpac.ru/15-9.html
269	http://kotenok11111.beon.ru/8998-043-pomogite-sdelat-domashnee-zadanie-po-russkomu-jazyku.zhtml
270	http://kotostudio.ru/names/egypt.html
274	http://krotov.info/lib_sec/13_m/mil/ov_04.htm
275	http://kurufin.narod.ru/html/namegenerator.html
276	http://kurufin.ru/html/namegenerator.html
280	http://lad-lad.ru/stihi/stihi-po-temam/471-stihi-pro-novyj-god.html
282	http://leasing.ocipov.ru/
282	http://leasing.ocipov.ru/inleas07.htm
283	http://leasing.sdelki.ru/news/content/1155288380.html
286	http://li4ka.info/mostelefon/o/328.php
287	http://lib.pushkinskijdom.ru/Default.aspx?tabid=2165
288	http://lib.ru/POEZIQ/burns.txt
289	http://lib.rus.ec/b/212775/read
289	http://lib.rus.ec/b/353590/read
289	http://lib.rus.ec/b/369796/read
29	http://aleksius.com/articles/miscellaneous/62-review-artisteer-part-1
291	http://library.bseu.by/index.php?option=com_content&task=view&id=51&Itemid=177
293	http://list.mail.ru/10992/1/0_1_0_16.html
295	http://littlhuman.ru/489/
298	http://livefilm.info/first/11332-ronald-varvar-ronal-the-barbarian-2011.html
3	http://12mult.ru/3408_ronald-varvar
30	http://alexandret.beon.ru/529-825-arija-genirator-zla-d-javol-skii-znoi.zhtml
300	http://livetheme.ru/9-klass/page/2/
301	http://loopy.ru/?def=%D0%B2+%D0%B5%D0%B3%D0%B8%D0%BF%D0%B5%D1%82%D1%81%D0%BA%D0%BE%D0%B9+%D0%BC%D0%B8%D1%84%D0%BE%D0%BB%D0%BE%D0%B3%D0%B8%D0%B8+%D0%B1%D0%BE%D0%B3%D0%B8%D0%BD%D1%8F+%D0%BB%D1%8C%D0%B2%D0%B8%D1%86%D0%B0
301	http://loopy.ru/?def=%D0%B2+%D0%B5%D0%B3%D0%B8%D0%BF%D0%B5%D1%82%D1%81%D0%BA%D0%BE%D0%B9+%D0%BC%D0%B8%D1%84%D0%BE%D0%BB%D0%BE%D0%B3%D0%B8%D0%B8+%D0%B1%D0%BE%D0%B3%D0%B8%D0%BD%D1%8F-%D0%BB%D1%8C%D0%B2%D0%B8%D1%86%D0%B0
301	http://loopy.ru/?word=******&def=%D0%B2+%D0%B5%D0%B3%D0%B8%D0%BF%D0%B5%D1%82%D1%81%D0%BA%D0%BE%D0%B9+%D0%BC%D0%B8%D1%84%D0%BE%D0%BB%D0%BE%D0%B3%D0%B8%D0%B8+%D0%B1%D0%BE%D0%B3%D0%B8%D0%BD%D1%8F-%D0%BB%D1%8C%D0%B2%D0%B8%D1%86%D0%B0
305	http://lulkaviks.narod.ru/id-41.html
307	https://lurkmore.to/%D0%90%D0%B2%D0%B5%D1%80%D1%87%D0%B5%D0%BD%D0%BA%D0%BE
31	http://aliom.orthodoxy.ru/arch/012/012-ign-fr.htm
31	http://aliom.orthodoxy.ru/arch/017/012-ign-fr.htm
310	http://m.probirka.org/forum/viewtopic.php?f=91&t=11726&hilit=%D0%BA%D0%B0%D1%80%D0%B8%D0%BE%D1%82%D0%B8%D0%BF&start=3395
310	http://m.probirka.org/forum/viewtopic.php?f=91&t=34192&start=455
311	http://macrobloger.com/macro/brazhnik-topolyovyj-laothoe-populi.html
313	http://mail.ru/baptismoseretic.html
315	http://mamadetiufa.ru/question
317	http://mamo4kam.ru/biblioteka/stishki/8-stixi-pro-newyear.htm
325	http://matematikayamal.ucoz.ru/load/6_klass/kontrolnye_raboty_dlja_6_klassa/17-1-0-28
326	http://mathematik.com.ua/queue/full_queue.aspx
327	http://matmir.narod.ru/MO_Geometruya_8.html
329	http://medkarta.com/?cat=article&id=18950
334	http://mglin-krai.narod.ru/Imena/Dudickii-Lishin.htm
335	http://mgnews.ru/media/getimage/23281
335	http://mgnews.ru/media/getimage/23283
335	http://mgnews.ru/media/getimage/23284
335	http://mgnews.ru/media/getimage/23286
335	http://mgnews.ru/read-news/pro-izdanija-batman-arkham-city-v-rossii-0909111933
337	http://mikv1.narod.ru/text/Silvestr.htm
338	http://millionstatusov.ru/poslovitsi/cat/horosho-i-ploho/page-3.html
34	http://alldocument.ru/2009-04-02-21-37-49/378-all.html
341	http://mirslovarei.com/content_bes/Mentor-37709.html
341	http://mirslovarei.com/content_gerchin/batman-11205.html
342	http://mithology.ru/Inmutef.html
343	http://mk.sosh-15mogilev.by/index.php?option=com_content&view=section&layout=blog&id=232&Itemid=325
346	http://monar.ru/guide.pl-action=article&id_razdel=792&id_article=1903.htm
347	http://morgana.wen.ru/mif/egipet/sehmet.html
348	http://moskva.trud.com/cvs/inzhener-energetik/
349	http://moya-semya.ru/
352	http://mrcpk.marsu.ru/works_iso/2007-03-28-potok_6/hazeevani/material/diplom.doc
353	http://mrdom.ru/catalog/index.php?SECTION_ID=24986
354	http://mrtvufe.ru/
355	http://msk.rabotavgorode.ru/Resumes/DownloadWord.ashx?ResumeID=170033
36	http://allforchildren.ru/poetry/index_newyear.php
364	http://my.mail.ru/mail/ivan-77_77
365	http://myecigsreviews.com/
366	http://myfhology.info/gods/egipt/shesemtet.html
367	http://mysitecost.ru/ural-soft.ru
368	http://mzrb.bashmed.ru/index.php?option=com_content&task=view&id=2072&Itemid=45
372	http://nasekomie.ucoz.com/index/brazhniki/0-33
375	http://new.hse.ru/sites/infospace/podrazd/facul/facul_econ/kregionecon/DocLib3/RegEconomKarachurina.DOC
378	http://ni-ka.com.ua/index.php?Lev=collekt
379	http://nika.name/cgi-bin/storedoc.cgi?rec_id=-503514481&DM=Mon%2C+01+Aug+2005%2C+18%3A08%3A23+MSD&DS=45849&L=ru&CS=windows-1251&DU=http%3A%2F%2Fnarod.orthodox.org.ru%2FHolidays%2FPX_2%2Fpx_ned2_03_2.htm&CT=text/html&q=%E4%E5%F2%E8
380	http://nnm-club.ru/forum/viewtopic.php?t=283617
382	http://npg-belovodie.ru/content/blogcategory/1/30/
383	http://npoopebl.tripod.com/14.html
384	http://ns1.content-review.com/articles/14721/
385	http://nsc.1september.ru/articlef.php?ID=200301609
386	http://nsportal.ru/nachalnaya-shkola/okruzhayushchii-mir/urok-okruzhayushchego-mira-v-4-klasse
386	http://nsportal.ru/shkola/geografiya/library/stroenie-i-svoistva-geograficheskoi-obolochki-urok-v-7-klasse
386	http://nsportal.ru/shkola/geografiya/library/tema-geograficheskaya-obolochka-prirodnye-kompleksy
386	http://nsportal.ru/shkola/geometriya/library/diagnosticheskie-testovye-raboty-geometrii-9-klass
386	http://nsportal.ru/shkola/geometriya/library/kontrolnye-raboty-po-geometrii-9-klass
386	http://nsportal.ru/shkola/geometriya/library/test-teorema-sinusov-i-kosinusov
388	http://odoktore.com/category/rossiya/ufa/bolnicy-ufa
388	http://odoktore.com/ufa-gorodskaya-klinicheskaya-bolnica-21.html
389	http://old.sema.ru/
39	http://allreferat.org.ua/referat/97799/%CB%E8%E7%E8%ED%E3_%E2_%D0%EE%F1%F1%E8%E8_%E8_%F1%F2%F0%E0%ED%E0%F5_%C7%E0%EF%E0%E4%E0.html
390	http://oldegypt.info/topic-143-9.html
390	http://oldegypt.info/topic-jump-143-15-1.html
391	http://olipi.com/38508/MATIT.html
394	http://oper.ru/news/read.php?t=1051610408
395	http://orthodox.etel.ru/2002/46/c_tihonoff.shtml
396	http://otd-lab.ru/documents/dolzhnostnye-instruktsii/dolzhnostnaya-instruktsiya-tekhnologa
398	http://otherreferats.allbest.ru/economy/00006991_2.html
398	http://otherreferats.allbest.ru/geography/00023797_0.html
398	http://otherreferats.allbest.ru/geography/00076464_0.html
398	http://otherreferats.allbest.ru/geography/00083377_0.html
399	http://otvet.mail.ru/question/12106574
399	http://otvet.mail.ru/question/73988163
4	http://13.21422s01.edusite.ru/DswMedia/dal_tolkovyj_slovar_jivogo_velikorusskogo_yazyka.txt
40	http://allsoftreview.info/soft-review-comments/2061.html
404	http://pedsovet.edu.ru/geogr/index2.html
405	http://pedsovet.su/load/135-1-0-6969
406	http://perm.kp.ru/daily/24292/486734/
414	http://plaksina.sch1552.edusite.ru/p59aa1.html
415	http://planetadisser.com/work/work_67605.html
416	https://play.google.com/store/apps/details?hl=ru&id=com.google.android.apps.translate
417	http://plisco.pp.ru/ortho/service/slavonic/txt/dobrotolubie/4_04.txt
419	http://podarki.ru/%D0%B3%D1%80%D1%83%D0%BF%D0%BF%D0%B0-%D0%BF%D0%BE%D0%B4%D0%B0%D1%80%D0%BA%D0%BE%D0%B2/%D0%A1%D0%B2%D0%B0%D0%B4%D0%B5%D0%B1%D0%BD%D1%8B%D0%B5-%D0%BC%D0%B5%D0%B4%D0%B0%D0%BB%D0%B8-5664
419	http://podarki.ru/%D0%BA%D1%83%D0%BF%D0%B8%D1%82%D1%8C/%D0%9C%D0%B5%D0%B4%D0%B0%D0%BB%D1%8C-%D0%96%D0%B5%D0%BC%D1%87%D1%83%D0%B6%D0%BD%D0%B0%D1%8F-%D1%81%D0%B2%D0%B0%D0%B4%D1%8C%D0%B1%D0%B0!-30-%D0%BB%D0%B5%D1%82-895110
419	http://podarki.ru/%D0%BA%D1%83%D0%BF%D0%B8%D1%82%D1%8C/%D0%9C%D0%B5%D0%B4%D0%B0%D0%BB%D1%8C-%D0%96%D0%B5%D0%BC%D1%87%D1%83%D0%B6%D0%BD%D0%B0%D1%8F-%D1%81%D0%B2%D0%B0%D0%B4%D1%8C%D0%B1%D0%B0-30-%D0%BB%D0%B5%D1%82-695895
419	http://podarki.ru/qa/question.aspx?id=a34f143e-8d9c-44c0-bd1a-0271c512d6ce
42	http://androidreview.ru/kak-proisxodit-napisanie-programm-dlya-androida.html
420	http://podarki.vampodarok.com/gift/1e4eeee6-0cf9-4fc7-85df-1c794a3b1de6/0/38/
420	http://podarki.vampodarok.com/gift/24ceb10a-4eb0-4e13-a28a-f04edf8c39d5/0/0/
420	http://podarki.vampodarok.com/gift/378d62bc-17ae-4ba1-97a4-0d9d3a866a3c/0/5/
420	http://podarki.vampodarok.com/gift/378d62bc-17ae-4ba1-97a4-0d9d3a866a3c/1/19/
420	http://podarki.vampodarok.com/gift/9e41d39f-2605-48b9-9ae7-da491ad2581f/0/3/
423	http://polbu.ru/gavrilov_reconomy
423	http://polbu.ru/gavrilov_reconomy/ch14_i.html
425	http://poslov.ru/?page_id=511
426	http://poslovitsa.yaxy.ru/neo/index_110.html
427	http://postelka66.ru/
43	http://anyget.ru/?do=search&search_query=%F0%EE%ED%E0%EB%FC%E4+%E2%E0%F0%E2%E0%F0&search_type=video
430	http://pr-cy.ru/a/ural-soft.ru
431	http://pravbeseda.ru/library/index.php?page=book&id=195
431	http://pravbeseda.ru/library/index.php?page=book&id=542
431	http://pravbeseda.ru/library?page=book&id=542
432	http://pravoslavie.sexnarod.ru/topic32471.html
433	http://pravoslavnyi.narod.ru/Holidays/PX_2/px_ned2_02_2.htm
433	http://pravoslavnyi.narod.ru/Holidays/PX_2/px_ned2_03_2.htm
434	http://pribautka.ru/proverb/v.html
436	http://prijut.narod.ru/labirint/Logrus/Isihazm3.htm
437	http://privatelife.ucoz.ru/news/2006-11-24-31
438	http://prompter.ru/zakaz/glava_3__teorii_razmescheniya_regional%27nogo_proizvodstva.htm
439	http://prosto-deti.ru/index/stikhi_pro_novyj_god_dlja_detej/0-480
44	http://arina-stepnova.narod.ru/pozdr5.html
440	http://ps3.ign.com/
443	http://pushkin.niv.ru/pushkin/family/semya.htm
445	http://quendi.clan.su/forum/9-129-2
446	http://quereeatefijuchron.narod.ru/3.html
447	http://qxjerwh.tk/doljnostnaya-instrukciya-glavnogo-tehnologa-molochnogo-proizvodstva.html
448	http://rabota.mail.ru/vacancy/1655622
449	http://rabota.yandex.ru/search.xml/?company_id=519635207&rid=213&text=%D0%B8%D0%BD%D0%B6%D0%B5%D0%BD%D0%B5%D1%80
449	http://rabota.yandex.ru/search.xml/?job_industry=310&rid=213&text=%D0%B8%D0%BD%D0%B6%D0%B5%D0%BD%D0%B5%D1%80
45	http://arm-math.rkc-74.ru/p22aa1.html
452	http://rastenye-msk.ru/e2.htm
453	http://rb7.ru/catalog/organization/gorodskaya_bolnitsa_skoroi_meditsinskoi_pomoshchi_%E2%84%96_22_ufa
453	http://rb7.ru/catalog/organization/respublikanskaya_klinicheskaya_bolnitsa_im_g_g_kuvatova_rkb_ufa
453	http://rb7.ru/node/8529200
454	http://rbbz.nm.ru/
457	http://referat.kulichki.net/files/page.php?id=29756
458	http://referat.resurs.kz/ref/semya
459	http://review-software.ru/
460	http://review.lospopadosos.com/
461	http://revolution.allbest.ru/economy/00037214_0.html
461	http://revolution.allbest.ru/geography/00229092_0.html
461	http://revolution.allbest.ru/sociology/00009582_0.html
462	http://rgvlad.ru/news/kontrolnye_raboty_1_4_po_geometrii_9_klass/2011-02-15-33
463	http://ricolor.org/history/ka/podvig/stachestvo
464	http://rid.by/publ/dolzhnostnye_instrukcii/dolzhnostnaja_instrukcija_glavnogo_tekhnologa/1-1-0-109
467	http://ru-ru.facebook.com/people/%D0%A0%D0%BE%D0%BD%D0%B0%D0%BB%D1%8C%D0%B4-%D0%92%D0%B0%D1%80%D0%B2%D0%B0%D1%80/100003887437029
469	http://ru.fakenamegenerator.com/
470	http://ru.how2.name/
472	http://ru.wikipedia.org/wiki/%C1%F0%E0%E6%ED%E8%EA%E8
472	http://ru.wikipedia.org/wiki/%CB%E0%F3%ED%F5%E0%F0%E4%F2%2C_%C2%E8%EB%FC%E3%E5%EB%FC%EC
472	http://ru.wikipedia.org/wiki/%CC%EE%F1%EA%EE%E2%F1%EA%E8%E9_%E3%EE%F1%F3%E4%E0%F0%F1%F2%E2%E5%ED%ED%FB%E9_%F3%ED%E8%E2%E5%F0%F1%E8%F2%E5%F2_%E3%E5%EE%E4%E5%E7%E8%E8_%E8_%EA%E0%F0%F2%EE%E3%F0%E0%F4%E8%E8
472	http://ru.wikipedia.org/wiki/%D0%91%D0%B5%D1%80%D0%B1%D0%B5%D1%80%D0%BE%D0%B2%D1%8B_(%D1%81%D0%B5%D0%BC%D1%8C%D1%8F)
472	http://ru.wikipedia.org/wiki/%D0%91%D1%80%D0%B0%D0%B6%D0%BD%D0%B8%D0%BA%D0%B8
472	http://ru.wikipedia.org/wiki/%D0%91%D1%80%D0%B0%D0%B6%D0%BD%D0%B8%D0%BA_%D0%BC%D0%BE%D0%BB%D0%BE%D1%87%D0%B0%D0%B9%D0%BD%D1%8B%D0%B9
472	http://ru.wikipedia.org/wiki/%D0%9B%D0%B0%D1%83%D0%BD%D1%85%D0%B0%D1%80%D0%B4%D1%82
472	http://ru.wikipedia.org/wiki/%D0%9B%D0%B0%D1%83%D0%BD%D1%85%D0%B0%D1%80%D0%B4%D1%82,_%D0%92%D0%B8%D0%BB%D1%8C%D0%B3%D0%B5%D0%BB%D1%8C%D0%BC
472	http://ru.wikipedia.org/wiki/%D0%9C%D0%BE%D1%81%D0%BA%D0%BE%D0%B2%D1%81%D0%BA%D0%B8%D0%B9_%D0%B3%D0%BE%D1%81%D1%83%D0%B4%D0%B0%D1%80%D1%81%D1%82%D0%B2%D0%B5%D0%BD%D0%BD%D1%8B%D0%B9_%D1%83%D0%BD%D0%B8%D0%B2%D0%B5%D1%80%D1%81%D0%B8%D1%82%D0%B5%D1%82_%D0%BF%D1%83%D1%82%D0%B5%D0%B9_%D1%81%D0%BE%D0%BE%D0%B1%D1%89%D0%B5%D0%BD%D0%B8%D1%8F
472	http://ru.wikipedia.org/wiki/%D0%9D%D1%83%D0%BA%D0%BB%D0%B5%D0%B0%D1%80%D0%BD%D0%B0%D1%8F_%D1%81%D0%B5%D0%BC%D1%8C%D1%8F
472	http://ru.wikipedia.org/wiki/%D0%9F%D1%88%D0%B5%D0%BD%D0%B8%D1%86%D0%B0
472	http://ru.wikipedia.org/wiki/%D0%A1%D0%B5%D0%BC%D0%B5%D0%B9
472	http://ru.wikipedia.org/wiki/%D0%A1%D0%B5%D0%BC%D1%8C%D1%8F
472	http://ru.wikipedia.org/wiki/%D0%A1%D0%B5%D0%BC%D1%8C%D1%8F_%D0%A3%D0%BB%D1%8C%D1%8F%D0%BD%D0%BE%D0%B2%D1%8B%D1%85
472	http://ru.wikipedia.org/wiki/%D1%E5%EC%FC%FF
472	http://ru.wikipedia.org/wiki/%D1%EF%E8%F1%EE%EA_%E5%E3%E8%EF%E5%F2%F1%EA%E8%F5_%E1%EE%E3%EE%E2
472	http://ru.wikipedia.org/wiki/Acherontia_atropos
472	http://ru.wikipedia.org/wiki/Batman:_Arkham_City
472	http://ru.wikipedia.org/wiki/Google_%CF%E5%F0%E5%E2%EE%E4%F7%E8%EA
472	http://ru.wikipedia.org/wiki/Google_%D0%9F%D0%B5%D1%80%D0%B5%D0%B2%D0%BE%D0%B4%D1%87%D0%B8%D0%BA
472	http://ru.wikipedia.org/wiki/Physical_Review_Letters
473	http://ru.wiktionary.org/wiki/%D1%81%D0%B5%D0%BC%D1%8C%D1%8F
474	http://rudocs.exdat.com/docs/index-225270.html?page=9
474	http://rudocs.exdat.com/docs/index-288774.html
476	http://rusk.ru/st.php?idar=103316
478	http://rutracker.org/forum/viewtopic.php?t=4011987
480	http://ryibak.boxmail.biz/cgi-bin/guide.pl?id_razdel=130023&action=article
483	http://sbiblio.com/BIBLIO/archive/regionalnaja_ekonomika/02.aspx
484	http://school-collection.edu.ru/catalog/rubr/fd39f4a9-db7f-cb04-9a70-70887cbf47e2/37066/?interface=themcol
486	http://schools.keldysh.ru/school1413/praz/praz.htm
488	http://search.enc.mail.ru/encycl?&q=%E5%E3%E8%EF%E5%F2%F1%EA%EE%E9+%EC%E8%F4%EE%EB%EE%E3%E8%E5%E9&sf=70
489	http://searchesspace.ru.com/r/instrukciya-glavnogo-tehnologa-molochnogo-proizvodstva-ff
490	http://selena771.narod.ru/Detskie/Novogodnie-2007_12.html
491	http://semya.kz/
492	http://semyamall.ru/
493	http://semyi.net/
494	http://sfw.so/1148883038-kolibri-mira-nasekomyx-brazhnik-xobotnik-ili.html
496	http://shkolaprazdnika.ru/podarok-na-den-rozhdeniya/chto-podarit-na-30-let-devushke.html
497	http://shools-geograf.at.ua/publ/fizicheskaja_geografija/ehvoljucija_geograficheskoj_obolochki/ehvoljucija_geograficheskoj_obolochki/16-1-0-90
499	http://shop.ural-soft.info/
50	http://asaratov.livejournal.com/1149053.html
500	http://shpora.net/readywork?p=84&d=3&t=1&w=6858
501	http://shpori-vsem.ru/politica/165-regioni.html?start=17
502	http://sign.h11.ru/namegen.php
503	http://sites.google.com/site/rusinterproverbs/home/germania/russko-nemeckie/rabota-veselit-serdce-celoveka
506	http://slovari.yandex.ru/~%D0%BA%D0%BD%D0%B8%D0%B3%D0%B8/%D0%91%D0%A1%D0%AD/%D0%9C%D0%BE%D1%81%D0%BA%D0%BE%D0%B2%D1%81%D0%BA%D0%B8%D0%B9%20%D0%B8%D0%BD%D1%81%D1%82%D0%B8%D1%82%D1%83%D1%82%20%D0%B8%D0%BD%D0%B6%D0%B5%D0%BD%D0%B5%D1%80%D0%BE%D0%B2%20%D0%B6%D0%B5%D0%BB%D0%B5%D0%B7%D0%BD%D0%BE%D0%B4%D0%BE%D1%80%D0%BE%D0%B6%D0%BD%D0%BE%D0%B3%D0%BE%20%D1%82%D1%80%D0%B0%D0%BD%D1%81%D0%BF%D0%BE%D1%80%D1%82%D0%B0/
509	http://smelnasto.narod.ru/id-41.html
513	http://sociology2015.ru/index/0-85
514	http://socrat.info/?p=finished&v=jv&id=1818
514	http://socrat.info/?p=finished&v=jv&id=3518
515	http://soft.akado-ural.ru/
516	http://soft.akado.ru/vendor/vendor/id/857
517	http://soft4ural.ru/
518	http://softnavigator.net/2007/04/29/genirator_paroley_v1_0_by_nikmih.html
520	http://sonikelf.ru/zakazat-obzor/
527	http://sprosidoktora.ru/go/3279/
528	http://status-medal.com/
528	http://status-medal.com/medal
529	http://stopgame.ru/preview/batman_arkham_asylum_2/preview.html
530	http://stoplinux.org.ru/reviews/rules_of_writing_reviews.html
531	http://store.steampowered.com/sub/16547
532	http://strana-sovetov.com/kids/common/708-new-year-poetry
538	http://stud24.ru/literature/razvitie-belorusskoj-literatury/57048-192121-page1.html
539	http://student.km.ru/ref_show_frame.asp?id=EE2C286A69004D9DB721C18FA1625BB5
540	http://studentochka.ru/liter/stat2008_p.html
542	http://supercomics.ru/load/dc/batman_arkham_city/90
545	http://syharik.mylivepage.ru/file/200/730
546	http://tarranova.lib.ru/authors/b/bondarev/zo.htm
547	http://tekno.ru/forum/viewtopic.php?p=3602
549	http://thedark.clan.su/index/0-4
550	http://timesprint.ru/
556	http://torrent-windows.net/windows/windows_8/10896-windows-8-x86-professional-uralsoft-v103-2012-russkiy.html
556	http://torrent-windows.net/windows/windows_8/11134-windows-8-x86-professional-uralsoft-v105-2012-russkiy.html
556	http://torrent-windows.net/windows/windows_8/11623-windows-8-x86-professional-uralsoft-office2013-v111-2012-russkiy.html
564	http://translate.google.com/
564	http://translate.google.com/?hl=ru
565	http://translate.google.ru/
567	http://travnick.org/brazhniki/
569	http://truddoc.narod.ru/di/11/21.html
576	http://ua.coolreferat.com/%D0%A3%D1%87%D0%B5%D1%82_%D0%BE%D0%BF%D0%B5%D1%80%D0%B0%D1%86%D0%B8%D0%B9_%D0%BF%D0%BE_%D0%BB%D0%B8%D0%B7%D0%B8%D0%BD%D0%B3%D1%83
577	http://uchebnik-besplatno.com/natsionalnaya-ekonomika-uchebnik/ratsionalnyiy-shtandort-promyishlennogo.html
578	http://ufa-region.ru/firmy-ufa/gorodskaya-klinicheskaya-bolxnica_21.html
579	http://ufa.all-gorod.ru/company/565008
579	http://ufa.all-gorod.ru/company/565620
58	http://autorambler.ru/readreview/
580	http://ufa.tulp.ru/sanitarno-epidemiologicheskie-sluzhby-epidemstants/gorodskaya-klinicheskaya-bolnitsa-21
581	http://ufa1.ru/firms/s_229/s_244/
582	http://ufacity.info/forum/forum20/topic1941/message9897/
582	http://ufacity.info/forum/user/14125/post/all/
586	http://ukapyc.by.ru/name.htm
587	http://ulc-group.com/sozdanie-sajta-obzor-cms/
588	http://unlease.ru/liter/literat-leasing-ru.htm
588	http://unlease.ru/liter/literat_leasing-1.htm
588	http://unlease.ru/liter/literat_leasing-3.htm
589	http://ur66.ru/
59	http://avega.net.ua/knigi/maksimov_s/maksimov_s_kul_hleba_i_ego_pohozhdeniya.html
590	http://uralsoft.net/
590	http://uralsoft.net/?paged=2
590	http://uralsoft.net/?paged=3
591	http://uralsoft.ru/
592	http://uralsoft.ucoz.net/
593	http://uraltrack.net/
6	http://1gdz.ru/class-9/gdz-didakticheskie-materialy-po-geometrii-dlya-9-klassa/
603	http://uznayslovo.ru/sarticles.php?id_theme=1090
604	http://uztest.ru/exam/?idexam=24
604	http://uztest.ru/gdz/?tmpl=list.tmpl&ch=6
606	http://vak.ed.gov.ru/common/img/uploaded/files/vak/announcements/economich/ProkopaloOM.doc
607	http://vasilievaa.narod.ru/Uch_prc/NGU/Pavlovo/Reg_ek/programReg_ek.htm
607	http://vasilievaa.narod.ru/ru/stat_rab/book/Reg_ek_upr_Gavrilov/4-26.aspx.htm
607	http://vasilievaa.narod.ru/ru/stat_rab/book/Reg_ek_upr_Gavrilov/5-25.aspx.htm
61	http://azbyka.ru/tserkov/duhovnaya_zhizn/o_duhovnom_otce/ilyunina_kto_takie_startsy-all.shtml
611	http://vexell.ru/2010/10/%d0%ba%d0%b0%d0%ba-%d0%bd%d0%b0%d0%bf%d0%b8%d1%81%d0%b0%d1%82%d1%8c-%d0%bf%d0%bb%d0%b0%d0%b3%d0%b8%d0%bd-%d0%b4%d0%bb%d1%8f-wordpress/
62	http://barabin.h16.ru/istoria/byt_say.shtml
620	http://vitusltd.ru/vidy_nasekomye.html
621	http://vk.com/id20932111
621	http://vk.com/respectreview
621	http://vk.com/video_ext.php?oid=155395348&id=161989816&hash=e1517c557dad9429
625	http://vostlit.narod.ru/Texts/rus13/Medvedev/text2.htm
627	http://vrach-ufa.ru/forum/profilaktika-i-lechenie-zabolevanii-5/7/plasticheskii-hirurg-63/
627	http://vrach-ufa.ru/kliniki/gorodskie-bolnitsyi-5/gorodskaya-klinicheskaya-bolnitsa-21-15/
628	http://vrgames.by/news/catwoman-polnotsennyj-personazh-batman-arkham-city
63	http://base.google.com/intl/ru/help/faq_translation.html
630	http://vtit.kuzstu.ru/books/shelf/book7/doc/chapter_1.html
632	http://web-kd.ru/wordpress/plugins_ru/plagin-dlya-wordpress/
633	http://webenciclopedia.ru/bes/14/60984.html
637	http://werrik.info/e16
637	http://werrik.info/g26
637	http://werrik.info/j02
639	http://wiki-linki.ru/Citates/741200
64	http://batman-arkhamcity.ru/
641	http://window.edu.ru/window_catalog/pdf2txt?p_id=28364
641	http://window.edu.ru/window_catalog/pdf2txt?p_id=28364&p_page=1
642	http://witlio.info/a/4.html
643	http://woman.upelsinka.com/gallery/paht.htm
646	http://works.tarefer.ru/99/101385/index.html
647	http://www.0zd.ru/geografiya_i_ekonomicheskaya_geografiya/geograficheskaya_obolochka.html
648	http://www.1obl.ru/news/proisshestviya/v-uvelskom-rajone-tretij-den-ishhut-telo-utoplennika-on-upal-s-gidrocikla-162222052012/
65	http://bbs.krasnogorsk.ru/forum/lofiversion/index.php/t137-50.html
653	http://www.5ka.ru/98/23395/1.html
654	http://www.7-ya.ru/
655	http://www.7ya.ru/
655	http://www.7ya.ru/contests/
655	http://www.7ya.ru/family/
655	http://www.7ya.ru/pregn/
656	http://www.a-mud.ru/newbie/name_generator/name.php
657	http://www.abc-people.com/phenomenons/dreams/dream-p.htm
658	http://www.ac-studio.ru/e-shop/_all/
659	http://www.adme.ru/pack/sokam-moya-semya-sdelali-zverinuyu-upakovku-378755/
66	http://beatle.mylivepage.ru/file/163/350_%D0%93%D0%B5%D0%BD%D0%B8%D1%80%D0%B0%D1%82%D0%BE%D1%80_%D0%92%D0%98%D0%A0%D0%A3%D0%A1%D0%9E%D0%92.exe
660	http://www.adukraine.com/original
665	http://www.akella.com/forum/showpost.php?s=10065b38fd4a51bf9a9611f49c942e75&p=302518&postcount=108
667	http://www.alcodream.ru/productID/3393/&from=direct
67	http://belousova.21418s07.edusite.ru/p20aa1.html
67	http://belousova.21418s07.edusite.ru/p23aa1.html
670	http://www.alleng.ru/d/math/math62.htm
670	http://www.alleng.ru/d/math/math63.htm
670	http://www.alleng.ru/d/math/math678.htm
670	http://www.alleng.ru/d/math/math82.htm
670	http://www.alleng.ru/edu/math1.htm
673	http://www.allufa.ru/archives/20404
675	http://www.aphorism.ru/511.shtml
678	http://www.arira.ru/poslovitsy-i-pogovorki-r.htm
679	http://www.arkham-city.ru/
68	http://belreferat.ru/category_124.html
685	http://www.aup.ru/docs/di/049.htm
685	http://www.aup.ru/docs/di/1121.htm
69	http://best.softnavigator.net/soft/comments_1309.html
692	http://www.az.ru/klikin/genname.html
694	http://www.baby.ru/community/172789/
696	http://www.batmanforever.ru/batman-news/703-pervye-15-minut-igry-batman-arkham-city.html
696	http://www.batmanforever.ru/batman-news/709-rusifikatsija-i-tochnaja-data-vyhoda-igry-batman-arkham-city.html
698	http://www.belreferat.by/work_1669.html
700	http://www.besed.ru/cgi-bin/view_arh.pl?f=02600.out&p=34
700	http://www.besed.ru/html/2005/2005-04-06.html
701	http://www.bestdiplom.info/category_121.html
702	http://www.bestfree.ru/soft/obraz/google-translator.php
704	http://www.bestreferat.ru/referat-177259.html
704	http://www.bestreferat.ru/referat-183210.html
704	http://www.bestreferat.ru/referat-203711.html
704	http://www.bestreferat.ru/referat-68853.html
704	http://www.bestreferat.ru/referat-98577.html
705	http://www.bibliofond.ru/view.aspx?id=22503
705	http://www.bibliofond.ru/view.aspx?id=435963
705	http://www.bibliofond.ru/view.aspx?id=436973
705	http://www.bibliofond.ru/view.aspx?id=491036
705	http://www.bibliofond.ru/view.aspx?id=562022
708	http://www.binbon.ru/category49/
708	http://www.binbon.ru/good12343/
71	http://bigtorrents.org/publ/batman_arkham_city_dlc_2011_pc_rus_repack_ot_r_g_catalyst/47-1-0-24614
712	http://www.bogistina.info/m/bibl/starci/nil_skit.PDF
713	http://www.bogoslov.com/files/disk3/web.knigi./Nravstvennostj.i.asketika/Vnutrenjaja.ziznj/H04-T.htm
714	http://www.borovik.com/index_i.php?Gins=12
715	http://www.bs41.mnogosmenka.ru/bs410869/bs410876.htm
716	http://www.bs42.mnogosmenka.ru/bs420807/bs420830.htm
717	http://www.bs43.mnogosmenka.ru/bs430342/bs430360.htm
718	http://www.bsconsulting.kiev.ua/library/reglamentiruyuschie_dokumenti/reglamentiruyuschaya_documentaciya.htm
722	http://www.businesspress.ru/newspaper/article_mId_2_aId_333607.html
723	http://www.butterflyflutter.ru/statii/2-brajnik-mertvaya-golova.html
725	http://www.careerjet.ru/rabota-jobs-%D1%82%D0%B5%D1%85%D0%BD%D0%BE%D0%BB%D0%BE%D0%B3-%D0%BC%D0%BE%D0%BB%D0%BE%D1%87%D0%BD%D0%BE%D0%B3%D0%BE-%D0%BF%D1%80%D0%BE%D0%B8%D0%B7%D0%B2%D0%BE%D0%B4%D1%81%D1%82%D0%B2%D0%B0.html
726	http://www.cdrm.ru/kerigma/vosp-det/rogoz/hochu/hochu2.htm
729	http://www.chudopredki.ru/1211-novogodnie-stikhi-dlja-detejj.html
729	http://www.chudopredki.ru/1213-stikhi-dlja-detejj-pro-novyjj-god.html
73	http://biospace.nw.ru/evoeco/lit/armand-co5.htm
731	http://www.cirota.ru/forum/view.php?subj=69609&order=desc&pg=2
735	http://www.cmpk.ru/info/vse_voyzi_moskvi/spisok_voyzov/meitu/
736	http://www.cmsmagazine.ru/creators/ural-soft/
737	http://www.codexland.ru/docs/doljin.htm
74	http://bishelp.ru/gde_dengi/lizing/liter.php
740	http://www.comicsdb.ru/publishers/10/40090/
740	http://www.comicsdb.ru/publishers/10/40090/comments/
740	http://www.comicsdb.ru/publishers/10/40090/comments/last/1110/
742	http://www.coolreferat.com/%D0%9B%D0%B8%D0%B7%D0%B8%D0%BD%D0%B3_%D0%B2_%D0%91%D0%B5%D0%BB%D0%B0%D1%80%D1%83%D1%81%D0%B8
742	http://www.coolreferat.com/%D0%A0%D0%B0%D1%86%D0%B8%D0%BE%D0%BD%D0%B0%D0%BB%D1%8C%D0%BD%D1%8B%D0%B9_%D1%88%D1%82%D0%B0%D0%BD%D0%B4%D0%B0%D1%80%D1%82_%D0%BF%D1%80%D0%BE%D0%BC%D1%8B%D1%88%D0%BB%D0%B5%D0%BD%D0%BD%D0%BE%D0%B3%D0%BE_%D0%BF%D1%80%D0%B5%D0%B4%D0%BF%D1%80%D0%B8%D1%8F%D1%82%D0%B8%D1%8F_%D0%92._%D0%9B%D0%B0%D1%83%D0%BD%D1%85%D0%B0%D1%80%D0%B4%D1%82%D0%B0
742	http://www.coolreferat.com/%D1%81%D0%BF%D0%B8%D1%81%D0%BE%D0%BA-%D0%BB%D0%B8%D1%82%D0%B5%D1%80%D0%B0%D1%82%D1%83%D1%80%D1%8B=%D0%9B%D0%B8%D0%B7%D0%B8%D0%BD%D0%B3_%D0%B2_%D0%91%D0%B5%D0%BB%D0%B0%D1%80%D1%83%D1%81%D0%B8
744	http://www.credit-arenda.ru/literat-leasing-ru.php
746	http://www.d-instrukciya.ru/technicheskaya-sluzhba/dolzhnostnaya-instruktsiya-glavnogo-technologa-organizatsii-predpriyatiya
747	http://www.daewoo-faq.auto.ru/
748	http://www.dapreview.net/
75	http://bizexperts.ru/obzor-tipichnyx-oshibok-pri-napisanii-biznes-plana.html
750	http://www.darkwheel.brk.ru/modules.php?name=Forums&file=posting&mode=reply&t=22
750	http://www.darkwheel.brk.ru/modules.php?name=Forums&file=viewtopic&t=22
752	http://www.day-podarok.ru/ProductBig.aspx?id=7426
752	http://www.day-podarok.ru/ProductBig.aspx?id=7579
753	http://www.debotaniki.ru/2011/12/stihi-pro-novyiy-god/
756	http://www.deutsch-uni.com.ru/redewendung/freundschaft.php
757	http://www.df2.ru/newbie/name
758	http://www.diary.ru/~eek/p121194164.htm
759	http://www.diclib.com/cgi-bin/d1.cgi?l=ru&base=modern_encycl&page=showid&id=34300
76	http://blacksun.com.ua/index.php?page=names_generator
760	http://www.dicter.ru/
761	http://www.diplom-kursovaya.ru/review.htm
762	http://www.diplomart.ru/subjects/lit-0268.html
763	http://www.diplomplanet.ru/review.php
766	http://www.dolina-podarkov.ru/page/page172.html
766	http://www.dolina-podarkov.ru/page/page571.html
766	http://www.dolina-podarkov.ru/page/page74.html
768	http://www.domkadrov.ru/candsearch.php?compfunction=16&industry=49d&city=1
768	http://www.domkadrov.ru/candsearch.php?compfunction=19k&industry=49d&city=1
768	http://www.domkadrov.ru/empsearch.php?city=1&compfunction=19e
768	http://www.domkadrov.ru/empsearch.php?city=1&compfunction=19g
768	http://www.domkadrov.ru/samplecv.php?city=1&compfunction=16
77	http://blog.7ya.ru/
770	http://www.donstu.ru/aspirant_pr_080005-reg.shtml
771	http://www.dostup1.ru/society/society_40398.html
772	http://www.dpreview.com/reviews/
772	http://www.dpreview.com/reviews/nikond50/
773	http://www.dragonlands.rusisrael.com/d&d.html
775	http://www.ecocoop.ru/save_nature/they_live/brazhniki/
777	http://www.ecomanagement.org.ua/15
778	http://www.econ.msu.ru/cmt2/lib/a/1883/file/uch_pl_3k.pdf
779	http://www.economica-eco.narod.ru/spisoc.txt
78	http://blog.cblpbl.ru/milk/search_a4b6b32cf6d51cc4e413ff03d4193b35.html
780	http://www.economicus.ru/cgi-ise/gallery/frame_rightn.pl?type=school&links=./school/firm/lectures/firm_l2.txt&img=lectures.jpg&name=firm
781	http://www.edu-all.ru/pages/specall.asp?spidents=1753&sptype=4
781	http://www.edu-all.ru/pages/specall.asp?spidents=176&sptype=4
784	http://www.ejik-topotushka.ru/page/new_year.html
785	http://www.ek-lit.org/shum246.htm
785	http://www.ek-lit.org/shum247.htm
786	http://www.elective.ru/lit/menl04-004.phtml
787	http://www.elitkursach.info/category_121_4.html
79	http://blog.zhizn.ru/showjournal.php?journalid=1366711&jday=9&jyear=2007&jmonth=1
790	http://www.eternityl2.ucoz.ru/forum/22-214-1
793	http://www.every-day.ru/index.php?option=com_content&task=view&id=213&Itemid=99
793	http://www.every-day.ru/index.php?option=com_content&task=view&id=260&Itemid=99
796	http://www.faet.ru/iceberg.asp?ob_no=604&tmpl=frag&f_no=2849&pg=3
796	http://www.faet.ru/iceberg.asp?ob_no=604&tmpl=frag&f_no=2849&pg=5
796	http://www.faet.ru/iceberg.asp?ob_no=933&tmpl=frag&sub_no=&f_no=2849&pg=3
798	http://www.fast-torrent.ru/film/ronal-varvar.html
802	http://www.filmbom.ru/fantasy/17831-konan-varvar-2011-smotret-onlayn.html
803	http://www.floranimal.ru/families/3175.html
804	http://www.forum-grad.ru/forum477/thread69750.html
805	http://www.forums.akella-online.ru/printthread.php?s=4ca67b20079ea602126da7d41522fff4&t=553&page=11&pp=10
806	http://www.fos.ru/economy/12938.html
807	https://www.free-lance.ru/projects/?pid=451766&f=diver
810	http://www.galatreya.ru/planet/legends/egipet/
811	http://www.gamedev.ru/code/articles/?id=4243
812	http://www.gamer.ru/batman-arkham-city/batman-arkham-city-2-perevod
812	http://www.gamer.ru/batman-arkham-city/batman-arkham-city-faq
812	http://www.gamer.ru/batman-arkham-city/v-batman-arkhem-siti-poyavilsya-robin
814	http://www.games-tv.ru/treilers/batman_arkham_asylum_2/treyler_1
814	http://www.games-tv.ru/treilers/batman_arkham_asylum_2/treyler_4
814	http://www.games-tv.ru/treilers/batman_arkham_asylum_2/treyler_6
815	http://www.gbmt.ru/ru/kids/family.php
817	http://www.gellett.narod.ru/bogiegipta.html
819	http://www.gidufa.ru/rubric/firm/id/2077/
82	http://booking.ucoz.com/load/9_klass/9
820	http://www.gkb18.ru/kdl.html
820	http://www.gkb18.ru/skype.html
822	http://www.goldmedals.ru/medals/1315300449.html
823	http://www.google.com/help/faq_translation.html
823	http://www.google.com/ig/directory?synd=toolbar&cat=tools
823	http://www.google.com/toolbar/ff/
823	http://www.google.com/translate?u=http
824	http://www.google.ru/
824	http://www.google.ru/help/faq_translation.html
825	http://www.goraya.ru/query/%E3%F3%E3%EB+%EF%E5%F0%E5%E2%EE%E4%F7%E8%EA/
826	http://www.gorobzor.ru/spravka?group=2393074172963262
828	http://www.grandars.ru/shkola/geografiya/launhardt.html
828	http://www.grandars.ru/shkola/geografiya/teoriya-tyunena.html
829	http://www.graverton.ru/home/medal.html
83	http://books.google.com/help/faq_translation.html
830	http://www.greets.ru/hol/teachersday/
831	http://www.gumer.info/bibliotek_Buks/History/milov/01.php
831	http://www.gumer.info/bibliotek_Buks/Science/bond/10.php
832	http://www.gunforum.com.ua/viewtopic.php?f=32&t=1857&view=unread
838	http://www.hram-usadba.ru/04docs/podsolnuh03-04.pdf
84	http://books.tr200.ru/f.php?txt=%EA%EE%ED%F2%F0%EE%EB%FC%ED%E0%FF+%F0%E0%E1%EE%F2%E0+%ED%EE%EC%E5%F0+2+%EF%EE+%E0%EB%E3%E5%E1%F0%E5+9+%EA%EB%E0%F1%F1+%EC%E0%EA%E0%F0%FB%F7%E5%E2
840	http://www.humanities.edu.ru/db/msg/46664
841	http://www.i-u.ru/biblio/archive/regionalnaja_ekonomika
842	http://www.ialon.de/themenreihe.p?c=%D0%95%D0%B3%D0%B8%D0%BF%D0%B5%D1%82%D1%81%D0%BA%D0%B0%D1%8F%20%D0%BC%D0%B8%D1%84%D0%BE%D0%BB%D0%BE%D0%B3%D0%B8%D1%8F
844	http://www.idei-podarka.ru/collection/Medali/product/medal-s-yubileem-30-let
844	http://www.idei-podarka.ru/product/%D0%9C%D0%B5%D0%B4%D0%B0%D0%BB%D1%8C-%D0%96%D0%B5%D0%BC%D1%87%D1%83%D0%B6%D0%BD%D0%B0%D1%8F-%D1%81%D0%B2%D0%B0%D0%B4%D1%8C%D0%B1%D0%B0-30-%D0%BB%D0%B5%D1%82
846	http://www.igromania.ru/videomania/148196/
846	http://www.igromania.ru/videomania/159847/
85	http://bse.sci-lib.com/article078480.html
852	http://www.imaging-resource.com/
854	http://www.infomama.ru/forum/messages/forum2/topic5742/message146333/
854	http://www.infomama.ru/forum/messages/forum43/topic2015/message52039/
857	http://www.innewfamily.ru/
858	http://www.intalev.ru/jd/engineers/id_1390/
86	http://buzynet.ru/44178-kontrolnaya-rabota-geometrii-za-8-klass.html
861	http://www.ipel.bsu.by/forstudent.asp?d=pr_mcp
867	http://www.isea.ru/college/sc1files/ec-telenkova.doc
869	http://www.ixbt.com/mobile/review/comp-sms.shtml
87	http://cardorog.ru/index?module=item&id=3
870	http://www.jobs.ua/job_description/view/183/
871	http://www.jurnalu.ru/online-reading/comicsonline/batmanarkhamcityendgame
872	http://www.kadrovik-praktik.ru/PAKETKADROVIKA/ObrDokPK/DI.php
873	http://www.kamchatsky-krai.ru/red_book_kamchatka/nasekomyje/04_braznik_podmarennik_1.htm
877	http://www.kinopoisk.ru/level/1/film/564859/
878	http://www.kinosalo.net/treileru/308-ronald-varvar.html
879	http://www.kinotrailer.com.ua/cartoon/647-ronald-varvar-ronal-the-barbarian-2011.html
881	http://www.km.ru/?data=6.8.2002
884	http://www.kontrolnaja.ru/dir/finance/23418
885	http://www.kp.ru/daily/24292/486734/
885	http://www.kp.ru/online/news/1157444/
886	http://www.krossw.ru/html2/4/m/ment.shtml
888	http://www.kuharka.ru/talk/noeat/play/5438.html
89	http://charm.net.ua/?frommenu=1&text=a_2024476
890	http://www.labirint.ru/books/240617/
891	http://www.lah.ru/konspekt/mif/32zodiak.htm
892	http://www.langinfo.ru/index.php?sect_id=2166
893	http://www.laparoscopy.ru/review/2004-08.html
894	http://www.lastfm.ru/tag/review
896	http://www.litobzor.ru/howwrite.html
897	http://www.litra.ru/composition/get/coid/00648141292331371226/
898	http://www.liveinternet.ru/users/1961511/post111022123/
898	http://www.liveinternet.ru/users/byzantium
9	http://3erx.net/publ/skoro_v_kino/ronald_varvar/37-1-0-2479
90	http://charter97.org/ru/news/2010/1/1/25058/
900	http://www.longsoft.ru/cgi-bin/erd_view.pl?f_f=4&f_p=2&f_a=8&f_c=148
907	http://www.man-podarok.ru/ProductBig.aspx?id=7426
907	http://www.man-podarok.ru/ProductBig.aspx?id=7579
909	http://www.materinstvo.ru/art/1804/
910	http://www.mathnet.ru/php/organisation.phtml?option_lang=rus&orgid=1406
912	http://www.med-otzyv.ru/kliniks/86-respublika-bashkortostan/13423-gorodskaya-klinicheskaya-bolnica-8
913	http://www.medpoisk.ru/click.php?id=4312
913	http://www.medpoisk.ru/hosp/hospital_view.php?id=4312
914	http://www.medreview.ru/
915	http://www.medspravkaufa.ru/communication/forum/index.php?PAGE_NAME=read&FID=3&TID=267
916	http://www.medufa.ru/faq/?action=list&category=7&start=2082
917	http://www.megabook.ru/Rubricator.asp?RNode=3900&SLMode=1&RPage=3
918	http://www.megabotan.ru/reshebnik/geometriya/9_klass/atanasjan
919	http://www.metal-profi.ru/library/economy/gftyw.htm?start=585
92	http://chinte.livejournal.com/
92	http://chinte.livejournal.com/3590.html
921	http://www.metodkopilka.com/article.aspx?menuID=6&SubMenuID=29&id=158&SubID=34
922	http://www.microsofttranslator.com/bv.aspx?ref=SERP&br=ro&mkt=en-US&dl=en&lp=FR_EN&a=http%3a%2f%2ffr.wikipedia.org%2fwiki%2fBatman%3a_Arkham_City
923	http://www.mifinarodov.com/e/egipetskaya-mifologiya.html
924	http://www.miit.ru/
925	http://www.mikkas-999.by.ru/i.html
926	http://www.millionpodarkov.ru/chto/chto-mozhno-podarit-na-yubilej-30-let-zhene.htm
926	http://www.millionpodarkov.ru/wish/pozhelanie-i-pozdravlenie-uchitelej-uchenikam-na-poslednij-zvonok-3.htm
926	http://www.millionpodarkov.ru/wish/pozhelanie-uchenikam-v-stihah.htm
926	http://www.millionpodarkov.ru/wish/stihotvorenie-pozhelanie-uchenikam.htm
93	http://chudesenka.ru/publ/32-1-0-222
930	http://www.mirrabot.com/work/work_67605.html
931	http://www.missbelle.ru/kaleidoscope/congratulations/birthday-profession-male3.html
933	http://www.mmohelper.ru/others/generator-imen-personazhej/
934	http://www.mobile-review.com/
934	http://www.mobile-review.com/print.php?filename=/soft/2006/learn-word.shtml
934	http://www.mobile-review.com/review/windows-phone7.shtml
935	http://www.mobukom.ru/dp/anik/mayikon.html
937	http://www.moi-detki.ru/detyam/detskie_stihi/155-detskie_stihi_pro_novyy_god.html
94	http://chudetstvo.ru/otkrytki-goroskopy/540-stixi-pro-novyj-god-dlya-detej.html
943	http://www.moscowfamily.ru/
944	http://www.movuz.net/miit.php
946	http://www.mru21.ru/2be/fdv/%D1%80%D0%BE%D0%BD%D0%B0%D0%BB%D1%8C%D0%B4_%D0%B2%D0%B0%D1%80%D0%B2%D0%B0%D1%80_2011/
95	http://coliseum.pizza.ee/forum/viewtopic.php?t=3759&sid=5fff9e591c851646f88c0831384e7321
955	http://www.nagradimvseh.ru/site/8
957	http://www.nauka-shop.com/mod/shop/productID/33717
957	http://www.nauka-shop.com/mod/shop/productID/34842
958	http://www.neuch.ru/referat/90751.html
96	http://collegy.ucoz.ru/publ/81-1-0-4388
965	http://www.ntv.ru/novosti/303901/
969	http://www.ocnt.isu.ru/sborniki/SB200034/obr.htm
970	http://www.odarim.ru/Gifts_for_men/
970	http://www.odarim.ru/gift_30/
972	http://www.ohome.ru/
974	http://www.omolenko.com/biblio/svignatii-tom2.htm?p=all
976	http://www.orthedu.ru/books/pdffiles/nil_s.pdf
977	http://www.orthomama.ru/cat33text155.htm
979	http://www.ot003.ru/?an=arxdoc
987	http://www.perevodslov.ru/google.html
99	http://conf.7ya.ru/
993	http://www.pitportal.ru/samples_docs/instructions/5514.html
994	http://www.plati.ru/asp/pay.asp?id_d=130583
995	http://www.playground.ru/blogs/batman_arkham_city/26032/
995	http://www.playground.ru/blogs/batman_arkham_city/39840/
995	http://www.playground.ru/blogs/batman_arkham_city/ne_budet_russkoy_ozvuchki-34462/
995	http://www.playground.ru/blogs/batman_arkham_city/rossiyskiy_reliz_batman_arkham_city_perenesen-39840/
997	http://www.portalus.ru/modules/economics/readme.php?subaction=showfull&id=1103635706&archive=&start_from=&ucat=17&
997	http://www.portalus.ru/modules/economics/rus_readme.php?subaction=showfull&id=1103635706&archive=&start_from=&ucat=17&
997	http://www.portalus.ru/modules/economics/rus_readme.php?subaction=showfull&id=1103834033&archive=&start_from=&ucat=30&
997	http://www.portalus.ru/modules/economics/rus_show_archives.php?subaction=showfull&id=1103635706&archive=1254315027&start_from=&ucat=17&
998	http://www.poskart.ru/dobrij-prigoditsa.html
999	http://www.pozdravik.ru/man/ucheniku
