10387	batman arkham city будет русский перевод?
107538	Список белорусской литературы по лизингу
150126	написание review
168170	медаль в подарок на 30 лет
176370	что означает рожь и пшеница годом родится а верный друг всегда
192007	должностная инструкция главного технолога молочного производства
20860	в египетской мифологии богиня-львица
21070	теория Лаунхардта
213932	6 класс география почему в географическую оболочку входит не вся атмосфера и
221830	семья
242953	стихи про новый год для детей
253476	насекомое бражник
295761	гугл переводчик
346214	делают хгч в гкб 21 в уфе
347852	ural soft
35618	институты на инженера в москве
360100	рональд варвар
366042	пожелания своим ученикам в стихах
375608	генератор имен
380923	Контрольная работа номер 2 геометрия 9 класс
